user_id,name,email,department
8b3a5517-66b4-4017-b129-21fd184c9a14,Robert Harris,noblemary@example.org,Marketing
55c0104c-54c9-424d-b105-3ba6b14b8dcc,Travis Madden,tracibenitez@example.com,Management
5b3b181a-33b3-4af9-a921-29eb351819f0,Angelica Juarez,john95@example.net,Marketing
1b8e99e7-27a5-4dc0-8198-85aa4b298d3a,David Eaton,smurphy@example.net,Management
c85c0b2d-db39-42aa-a150-2d55c4d9fe3f,Tracy Thompson,allenrebecca@example.org,HR
d2aa7f64-bd5a-41e4-9462-5245ac382a58,John Daniel,alananderson@example.com,Marketing
60a5b5c4-63c5-4e40-bffa-481717d536b4,Roger Kelley,eharris@example.com,Sales
e650b18e-5f1a-4a5f-9579-d7c2ef88196c,Amanda Gordon,dunlapjacob@example.org,Sales
d9eb3948-176c-469d-b869-feb8b58dae8e,David Scott,marcus76@example.net,Sales
04bfcb49-49d5-436b-925f-b9eb84b9ceae,Benjamin Williams,qrodriguez@example.org,Sales
d6889d2f-365e-40b8-87df-a734c186cf93,Tyler Love,hodgesjames@example.com,Management
757269b2-2dd9-4a27-915c-5b1c18eb7e2d,Rebecca Cox,ifranklin@example.net,HR
8076fe71-b405-4201-97bd-868421179184,Matthew Taylor,jesus85@example.com,Development
00d0da27-bb34-4f56-af95-e2fdaceca79c,Laura Conley,harristammy@example.com,Management
889a0122-c5aa-4902-9ebe-07400d6618f0,Megan Kennedy,jillcarter@example.com,Management
c720fd47-fe79-426d-a29b-59f8cc9f7e8c,Ashley Lawrence,kelseyturner@example.org,HR
2d5abbd2-2ee4-4a67-b352-18d7b1a2562a,Jodi Walker,nbonilla@example.net,HR
e830f6df-6f93-4084-a122-aefeae2de27e,Stephanie Lee,jose45@example.com,Marketing
7fe174f8-086b-4fcf-8720-0016a5046d5f,Kevin Rush,pfletcher@example.net,Sales
ca0e1156-d9d3-4991-94a8-a197ac5dac6a,Gina Gonzales,lsmith@example.com,Sales
c27efbc1-f846-42bc-b66e-cecdbf4ad1d0,Jeffery Peterson,nadkins@example.net,Sales
86e2c8c9-561d-491d-8bf7-057bfa36bd38,Angelica Carey,katherinehoward@example.com,Management
1a77802f-5a88-4862-9601-2e6558bd161c,Brent Schwartz,mckinneyveronica@example.com,Development
98c96db7-4749-4c99-a7fc-291813ba7280,John Valenzuela,brianwhite@example.com,Marketing
45317657-2107-4992-bcbb-35f68a71bde0,Catherine Harris,clopez@example.org,Marketing
16ea7eff-4f7e-4efd-a009-c31943ed87c8,Christina Mathis,ingramashley@example.net,Development
f8d746c8-0480-438e-abd3-ba17eb284894,Eric Davis,patrickmendoza@example.org,Management
71f6299d-ccea-46e9-ba6b-5f938dd06ba0,Teresa Grimes,danielle10@example.net,Sales
f2a4730b-5b7c-4874-9fca-1066d1701877,Jodi Gamble,johnnythomas@example.com,Management
bc1f0783-02a3-4cb6-98fd-ab568b3c379f,Jerry Armstrong,garciateresa@example.org,Sales
99be5212-bd79-4942-8602-334b2e3b50b6,Julie Smith,drodriguez@example.com,Development
9402ea81-f9e9-49c7-a9da-f03db22eccea,Jacqueline Lowe,mwilliamson@example.org,Sales
3542f859-8a56-41ef-b145-27379080e23d,David Obrien,johnsonchristopher@example.com,Development
f8d2336f-2985-4318-9308-beb782b3661f,Joshua Blanchard,awright@example.org,Marketing
7e52ffea-5955-4d62-8fcb-1a75a05e2ce1,Timothy Long,michael08@example.org,Marketing
4edb3335-cea6-4bd5-9fb2-ff9443401723,Paul Moreno,zphillips@example.org,Marketing
b57db5bb-01c4-4341-b5b4-6069c0c0de03,Eric Walker DDS,imoreno@example.net,Management
8192752b-4d79-4b9c-8e73-7493c9fda71d,Steven Griffin,littleanthony@example.net,Development
a64c2050-e112-4be9-ad21-1b0e2d8e9f50,Anna Stanley,sarah34@example.org,Development
8b08be4b-cfd0-4038-b761-6dfd13df8b17,Christina Mata,alane@example.net,Sales
612f5f82-a110-432e-bffc-7b7967f5fc77,Lori Norman,hpena@example.org,Management
56925248-7b23-4964-aaa3-24bb5c7c64ec,Susan Lewis,wilsondebbie@example.org,HR
557f08d2-8081-40db-8851-e3ff44780884,Jordan Gonzalez,mckenzieanderson@example.net,HR
d8660da2-1342-4d99-88e4-5f668e73ee29,Samuel Guzman,amygarcia@example.net,Sales
7db3d1bc-a26a-4b65-ba4e-6f15235ee726,Joanna Cruz,amy31@example.net,Development
e9f84513-f99a-4122-82a0-585ab7bad109,Kimberly White,coryjones@example.org,Management
34101d12-f4c5-4c7e-8ace-a2364ded7422,Lori Lane,reneejuarez@example.org,HR
30cff83c-3ce6-4278-a28d-a6630c267906,Heidi Brown,cherylkirby@example.net,Development
1b4f8eb2-6ef8-448e-a9b2-05d010a6f71e,Terry Wilson,danielkirk@example.com,HR
17b577af-eac9-4a0e-862b-937574ac0e38,Martin Ward,brittany53@example.net,Sales
a9f70417-ebff-4362-a42d-b1f3a1358ea9,Thomas Carney,suzanne20@example.org,Marketing
2eacb900-2b0b-4350-b476-9825203277c7,Michael Stevens,qwood@example.net,Sales
43e55754-e129-46c7-8580-c87062256ebb,John Smith,joshua66@example.com,Sales
1478e886-e23e-446c-8cde-79163655f34d,Ryan Carrillo,valerietaylor@example.net,HR
e0df515d-85bd-48e1-af5a-d98a9da7366c,Michelle Johnson,arobinson@example.com,HR
b4c15b4e-4ecb-4566-be26-bc3a20ff1fd8,Taylor Morton,carmen39@example.org,HR
8d867cd5-f863-45e7-8d41-d19876587ea9,Erica Page,duncangina@example.org,HR
59141abe-46e3-412d-b6ae-6b4e633ba85f,Barbara Chapman,daltonzimmerman@example.com,Marketing
6d2f3108-a521-45b5-ac21-f90b261e0ba9,Richard Lee,brianlara@example.net,Development
d26c52fc-b401-482b-bafe-3fcd04f6416c,Clifford Bush,wrodriguez@example.com,Development
a6018b85-63b7-4698-a350-34b6d379adf3,Steven Jimenez,schultzgloria@example.com,Marketing
52a32389-fbed-4c93-9793-119507a3e313,Tanya Campbell,parkgeoffrey@example.net,Development
3bfbc8f6-47db-4434-b3ef-73c7f968c33c,Don Thompson,stanleylauren@example.com,Development
08fa68e1-5bf4-4151-a1d3-a9a2770d8646,Carol Johnston,millsandrew@example.org,Development
3734c76b-8168-4f50-aa72-54dcfa63e280,Lori Berry,stevensmaria@example.net,Management
fbc38537-5175-4ca8-9e11-e9719ca5852a,Paula Jackson,lance22@example.net,Development
077cdfa6-f96a-44c4-acd2-06f3e3995c58,Karen Waller,wallsrobert@example.org,Development
e6ec53db-6958-4085-8b17-b5fee3de68ad,Donna Trujillo,heatherreeves@example.com,Management
42699569-f166-4741-87c2-1544d025ffaf,Jennifer Schaefer,mmann@example.org,Sales
85c51005-48d1-410c-be13-2f6a194a3302,Steven Salazar,cruzrichard@example.net,Marketing
bb283d46-6136-474d-9c6b-1ee00dcf93d2,Kayla Molina,maureen97@example.net,Development
dbda6dc3-698c-4128-9f45-d88b07bb6633,Alexis Smith,cwest@example.com,HR
244f7632-3790-4d92-be8a-f77eaca70756,Tracey Lopez,snowmelissa@example.net,HR
181d2166-7973-4c07-b3af-16871bf43523,Kevin Cherry,susanthompson@example.net,Marketing
31ee37ab-4a82-4188-a1e1-ebeb5c474ab2,Frank Rivera,schultzwendy@example.com,Development
db1f5542-6a7e-4b19-bde6-6582edb73f6f,Katherine Rodriguez,brownnicole@example.org,Management
cbe531a7-ee9c-4391-b8ee-aaa9f5195b4e,Stephanie Kim,diazronnie@example.org,Development
75b95b91-1584-464b-a010-76d2c113e93e,Lisa Wilson,cynthia58@example.org,Marketing
ca891572-c001-4f86-9b33-5e0a813775a5,Rachel Lawrence,vanessacooper@example.com,Sales
57f3fe15-66b8-45c7-b16a-3c4bb8a9ff04,Michael Klein,susan64@example.org,Management
242ff644-d995-495f-8de1-f5d7336fe10f,Barbara Harrison,rittermary@example.net,Marketing
5637b2e4-28b1-41a8-9fd7-11c7d27373d1,Barbara Hunt,arnoldbilly@example.net,Development
38f2d2f9-8740-4f1b-867d-62c02c98e79a,Joan Fischer,lopezdanny@example.org,Sales
f13a6d21-482e-456a-a85b-9ddca34fe519,Jose Ross,jimenezjuan@example.net,Sales
70788213-84c1-44b6-91d6-cf53c1e0d072,Juan Morris,ewoodard@example.com,Marketing
66a8246e-2604-44e4-8901-b0543f74be58,Bryan Curtis,marcia47@example.net,Development
7085fa23-3c69-4953-b0e8-fa8c4c34f59c,Heather Leon,stephanie12@example.com,Management
78ece7c2-ab17-476e-a296-02a6c86f75e7,Christina Carr,mariahernandez@example.com,Management
c25a7402-49cf-43c0-89a6-c50582fc68f2,Jason Solis,pauladouglas@example.org,HR
ed09267c-84fd-4544-9c67-53a0b72def2a,April Smith,gregorygarcia@example.net,HR
3cb5e622-e2b9-4194-956d-00cba05d5b8c,Brittany Deleon,barbara12@example.org,Sales
64cbbb29-849a-4fba-897e-4bdd9e84ad30,Rhonda Mccoy,heidibell@example.org,Development
80c1016f-310a-4879-86b5-d7403c4d84fb,Maria Gibson,walkerjoann@example.com,Sales
4319443d-3ed9-4d2f-92fe-5c418b7f781c,Sarah Blair,erika63@example.com,Marketing
c879eadc-3ea0-4427-b503-63cebafd3de2,Rachael Lucas,noahponce@example.net,Marketing
ab446dd3-a999-4273-b712-c6a0b7031aef,Patricia Young,swhite@example.net,Sales
3384c0bf-c395-4b02-b565-e8d7098a1009,David Conner,elizabethnguyen@example.org,Marketing
c2cc6888-eae6-44fb-8fc1-f03853b25ae0,Gary Wall,denisegarcia@example.com,Development
bb8d8146-1e6c-4860-96c6-90960ef12936,Joseph Stanton,patricia82@example.org,HR
36c6b07a-4ebe-475d-8e9d-93ff4f131c16,Nicholas Jones,gsanchez@example.org,Development
